date,pred_aqi_t+1,pred_aqi_t+2,pred_aqi_t+3,pred_aqi_t+4,pred_aqi_t+5,pred_aqi_t+6,pred_aqi_t+7,actual_aqi_t+1,actual_aqi_t+2,actual_aqi_t+3,actual_aqi_t+4,actual_aqi_t+5,actual_aqi_t+6,actual_aqi_t+7
2023-11-09,42.66,42.74,42.37,41.64,41.79,41.76,42.45,60.0,64.0,59.0,49.0,26.0,38.0,52.0
2023-11-10,45.59,42.32,41.86,42.46,42.75,44.04,45.3,64.0,59.0,49.0,26.0,38.0,52.0,38.0
2023-11-11,53.93,49.73,48.0,48.65,48.48,49.57,49.58,59.0,49.0,26.0,38.0,52.0,38.0,18.0
2023-11-12,53.44,50.55,49.24,49.59,49.86,50.36,50.37,49.0,26.0,38.0,52.0,38.0,18.0,23.0
2023-11-13,40.92,40.52,42.03,42.84,43.58,44.21,45.81,26.0,38.0,52.0,38.0,18.0,23.0,27.0
2023-11-14,31.31,36.65,38.44,39.7,40.85,41.35,41.23,38.0,52.0,38.0,18.0,23.0,27.0,55.0
2023-11-15,33.24,35.57,37.51,38.18,38.7,38.9,39.35,52.0,38.0,18.0,23.0,27.0,55.0,66.0
2023-11-16,39.26,39.46,41.5,42.11,42.63,42.98,44.25,38.0,18.0,23.0,27.0,55.0,66.0,61.0
2023-11-17,37.83,39.91,42.62,43.18,44.19,44.31,45.08,18.0,23.0,27.0,55.0,66.0,61.0,57.0
2023-11-18,25.95,34.16,38.04,38.96,40.38,40.89,39.04,23.0,27.0,55.0,66.0,61.0,57.0,59.0
2023-11-19,31.95,36.6,38.54,39.35,39.95,40.16,40.16,27.0,55.0,66.0,61.0,57.0,59.0,61.0
2023-11-20,35.7,38.19,38.77,39.55,39.79,40.0,40.28,55.0,66.0,61.0,57.0,59.0,61.0,60.0
2023-11-21,46.26,43.26,42.63,42.64,42.38,43.11,43.95,66.0,61.0,57.0,59.0,61.0,60.0,58.0
2023-11-22,50.58,46.37,46.78,48.38,48.4,49.59,49.21,61.0,57.0,59.0,61.0,60.0,58.0,51.0
2023-11-23,52.97,50.38,49.9,50.93,51.71,52.77,52.13,57.0,59.0,61.0,60.0,58.0,51.0,49.0
2023-11-24,52.52,52.25,51.48,51.07,51.56,51.34,50.95,59.0,61.0,60.0,58.0,51.0,49.0,46.0
2023-11-25,55.54,54.74,53.23,52.4,51.72,51.13,50.38,61.0,60.0,58.0,51.0,49.0,46.0,35.0
2023-11-26,48.09,46.06,45.99,46.53,46.76,47.5,48.34,60.0,58.0,51.0,49.0,46.0,35.0,38.0
2023-11-27,53.74,51.88,51.23,51.72,51.61,52.62,52.4,58.0,51.0,49.0,46.0,35.0,38.0,58.0
2023-11-28,52.06,50.6,48.99,48.63,48.45,48.07,47.67,51.0,49.0,46.0,35.0,38.0,58.0,66.0
2023-11-29,43.43,43.0,43.41,43.83,44.68,45.24,46.48,49.0,46.0,35.0,38.0,58.0,66.0,56.0
2023-11-30,41.75,41.46,42.36,43.16,44.0,45.09,46.64,46.0,35.0,38.0,58.0,66.0,56.0,41.0
2023-12-01,39.65,40.04,41.46,42.33,42.98,43.95,45.55,35.0,38.0,58.0,66.0,56.0,41.0,51.0
2023-12-02,35.37,36.34,37.56,38.39,39.1,39.47,40.66,38.0,58.0,66.0,56.0,41.0,51.0,57.0
2023-12-03,37.09,37.96,39.5,40.04,41.07,40.91,41.63,58.0,66.0,56.0,41.0,51.0,57.0,71.0
2023-12-04,43.95,43.11,45.31,46.1,46.48,47.0,47.17,66.0,56.0,41.0,51.0,57.0,71.0,63.0
2023-12-05,53.75,50.62,51.33,52.73,52.91,54.48,53.97,56.0,41.0,51.0,57.0,71.0,63.0,57.0
2023-12-06,46.13,46.15,48.18,49.29,50.05,50.97,51.2,41.0,51.0,57.0,71.0,63.0,57.0,69.0
2023-12-07,40.81,42.95,44.97,45.78,46.7,47.34,48.13,51.0,57.0,71.0,63.0,57.0,69.0,74.0
2023-12-08,44.35,44.8,45.36,45.68,46.74,47.52,48.42,57.0,71.0,63.0,57.0,69.0,74.0,84.0
2023-12-09,50.89,48.62,47.77,47.97,47.84,48.49,48.55,71.0,63.0,57.0,69.0,74.0,84.0,88.0
2023-12-10,65.33,60.04,60.1,60.58,59.61,60.05,57.15,63.0,57.0,69.0,74.0,84.0,88.0,79.0
2023-12-11,59.68,59.18,59.89,60.8,60.54,60.6,57.63,57.0,69.0,74.0,84.0,88.0,79.0,46.0
2023-12-12,46.75,47.51,49.94,50.65,51.56,51.87,51.83,69.0,74.0,84.0,88.0,79.0,46.0,16.0
2023-12-13,55.71,52.21,52.11,52.74,53.05,54.63,54.62,74.0,84.0,88.0,79.0,46.0,16.0,26.0
2023-12-14,54.95,51.1,51.15,51.98,52.47,53.34,52.95,84.0,88.0,79.0,46.0,16.0,26.0,60.0
2023-12-15,64.27,59.28,59.86,60.84,61.21,62.29,59.63,88.0,79.0,46.0,16.0,26.0,60.0,60.0
2023-12-16,74.08,68.31,66.3,66.42,65.23,65.03,61.01,79.0,46.0,16.0,26.0,60.0,60.0,55.0
2023-12-17,57.79,54.81,53.83,54.37,55.27,54.92,53.52,46.0,16.0,26.0,60.0,60.0,55.0,75.0
2023-12-18,39.72,41.95,43.58,44.28,45.49,45.02,44.88,16.0,26.0,60.0,60.0,55.0,75.0,74.0
2023-12-19,26.18,34.34,37.59,38.55,39.95,40.28,38.21,26.0,60.0,60.0,55.0,75.0,74.0,68.0
2023-12-20,25.62,31.89,35.56,37.66,38.86,39.06,38.63,60.0,60.0,55.0,75.0,74.0,68.0,27.0
2023-12-21,39.62,37.89,39.65,39.61,39.57,39.94,41.68,60.0,55.0,75.0,74.0,68.0,27.0,18.0
2023-12-22,48.34,44.65,45.3,46.41,46.79,49.0,49.82,55.0,75.0,74.0,68.0,27.0,18.0,17.0
2023-12-23,46.45,45.92,47.64,48.95,49.95,51.42,52.07,75.0,74.0,68.0,27.0,18.0,17.0,13.0
2023-12-24,65.8,61.37,59.4,59.21,58.37,59.08,57.54,74.0,68.0,27.0,18.0,17.0,13.0,49.0
2023-12-25,59.83,56.06,56.38,57.13,57.23,57.91,56.8,68.0,27.0,18.0,17.0,13.0,49.0,80.0
2023-12-26,51.76,50.1,51.72,52.89,53.44,53.9,52.74,27.0,18.0,17.0,13.0,49.0,80.0,32.0
2023-12-27,33.63,38.57,41.13,41.21,42.85,42.85,41.45,18.0,17.0,13.0,49.0,80.0,32.0,16.0
2023-12-28,28.0,35.23,38.85,39.32,40.88,40.96,39.04,17.0,13.0,49.0,80.0,32.0,16.0,36.0
2023-12-29,24.46,32.05,36.28,38.11,39.54,39.66,38.59,13.0,49.0,80.0,32.0,16.0,36.0,51.0
2023-12-30,25.18,32.32,36.23,38.56,39.98,39.69,39.09,49.0,80.0,32.0,16.0,36.0,51.0,45.0
2023-12-31,39.08,38.74,40.71,41.16,41.63,41.85,42.99,80.0,32.0,16.0,36.0,51.0,45.0,46.0
2024-01-01,55.86,49.03,47.46,47.76,46.62,48.46,49.58,32.0,16.0,36.0,51.0,45.0,46.0,47.0
2024-01-02,37.46,40.25,42.21,43.16,44.1,44.68,44.92,16.0,36.0,51.0,45.0,46.0,47.0,38.0
2024-01-03,28.59,35.01,37.74,39.03,40.11,40.52,39.61,36.0,51.0,45.0,46.0,47.0,38.0,35.0
2024-01-04,36.88,37.93,38.54,39.26,39.6,39.97,41.23,51.0,45.0,46.0,47.0,38.0,35.0,26.0
2024-01-05,40.1,39.09,40.11,40.84,41.16,42.03,43.49,45.0,46.0,47.0,38.0,35.0,26.0,37.0
2024-01-06,37.72,38.18,39.34,40.19,40.84,41.49,42.5,46.0,47.0,38.0,35.0,26.0,37.0,28.0
2024-01-07,43.03,43.3,43.28,43.46,44.19,44.78,45.5,47.0,38.0,35.0,26.0,37.0,28.0,23.0
2024-01-08,42.91,42.58,42.67,42.77,43.34,43.75,44.82,38.0,35.0,26.0,37.0,28.0,23.0,56.0
2024-01-09,36.34,37.36,38.53,39.22,40.07,39.95,40.64,35.0,26.0,37.0,28.0,23.0,56.0,56.0
2024-01-10,36.95,39.34,41.28,42.0,42.79,42.86,42.83,26.0,37.0,28.0,23.0,56.0,56.0,35.0
2024-01-11,33.34,36.71,38.13,38.74,39.39,39.74,39.87,37.0,28.0,23.0,56.0,56.0,35.0,52.0
2024-01-12,36.74,37.05,38.2,38.88,39.41,39.49,40.48,28.0,23.0,56.0,56.0,35.0,52.0,34.0
2024-01-13,33.65,37.43,39.38,40.16,41.57,41.39,40.63,23.0,56.0,56.0,35.0,52.0,34.0,12.0
2024-01-14,29.34,36.13,39.92,40.49,42.27,41.85,40.04,56.0,56.0,35.0,52.0,34.0,12.0,7.0
2024-01-15,38.81,38.72,40.98,41.3,42.28,42.13,42.87,56.0,35.0,52.0,34.0,12.0,7.0,11.0
2024-01-16,42.49,41.74,43.97,44.53,45.0,45.38,46.16,35.0,52.0,34.0,12.0,7.0,11.0,21.0
2024-01-17,36.15,38.95,41.23,41.6,43.05,42.76,42.72,52.0,34.0,12.0,7.0,11.0,21.0,18.0
2024-01-18,38.46,38.85,41.05,41.22,42.33,42.11,42.56,34.0,12.0,7.0,11.0,21.0,18.0,49.0
2024-01-19,34.47,37.36,39.73,39.56,41.27,40.75,40.15,12.0,7.0,11.0,21.0,18.0,49.0,57.0
2024-01-20,25.37,34.66,39.18,39.47,41.44,41.2,38.41,7.0,11.0,21.0,18.0,49.0,57.0,60.0
2024-01-21,21.6,31.54,36.91,38.96,40.87,40.62,38.57,11.0,21.0,18.0,49.0,57.0,60.0,61.0
2024-01-22,20.98,29.48,34.75,38.31,40.0,39.94,39.3,21.0,18.0,49.0,57.0,60.0,61.0,56.0
2024-01-23,27.44,32.61,36.66,38.66,39.87,39.83,39.77,18.0,49.0,57.0,60.0,61.0,56.0,27.0
2024-01-24,23.67,31.22,36.03,38.41,40.09,39.86,39.1,49.0,57.0,60.0,61.0,56.0,27.0,17.0
2024-01-25,39.54,39.45,41.38,41.81,42.38,42.76,43.84,57.0,60.0,61.0,56.0,27.0,17.0,17.0
2024-01-26,44.86,43.32,44.51,45.64,45.9,47.0,47.34,60.0,61.0,56.0,27.0,17.0,17.0,36.0
2024-01-27,47.05,45.83,47.8,48.78,49.32,49.79,48.89,61.0,56.0,27.0,17.0,17.0,36.0,16.0
2024-01-28,48.27,47.96,50.43,51.59,52.05,52.7,51.53,56.0,27.0,17.0,17.0,36.0,16.0,9.0
2024-01-29,52.59,51.74,52.07,52.77,53.7,54.7,54.28,27.0,17.0,17.0,36.0,16.0,9.0,24.0
2024-01-30,32.53,36.49,38.72,39.76,40.8,41.13,41.3,17.0,17.0,36.0,16.0,9.0,24.0,39.0
2024-01-31,24.09,31.25,35.53,37.61,39.03,39.26,38.61,17.0,36.0,16.0,9.0,24.0,39.0,31.0
2024-02-01,24.88,31.82,35.81,37.6,38.87,39.14,38.41,36.0,16.0,9.0,24.0,39.0,31.0,36.0
2024-02-02,34.13,35.45,37.58,38.33,38.6,39.25,40.3,16.0,9.0,24.0,39.0,31.0,36.0,41.0
2024-02-03,24.43,31.23,35.5,37.99,39.4,39.72,39.39,9.0,24.0,39.0,31.0,36.0,41.0,70.0
2024-02-04,19.78,30.37,35.79,38.21,39.81,40.18,38.07,24.0,39.0,31.0,36.0,41.0,70.0,54.0
2024-02-05,25.55,32.51,36.39,37.6,38.46,39.23,38.29,39.0,31.0,36.0,41.0,70.0,54.0,59.0
2024-02-06,35.54,35.91,37.72,38.56,38.68,39.3,40.71,31.0,36.0,41.0,70.0,54.0,59.0,51.0
2024-02-07,33.1,35.45,37.71,38.99,39.86,40.61,41.5,36.0,41.0,70.0,54.0,59.0,51.0,21.0
2024-02-08,36.19,37.72,39.2,40.09,40.66,41.2,42.65,41.0,70.0,54.0,59.0,51.0,21.0,34.0
2024-02-09,36.45,37.0,38.44,39.4,39.63,40.36,41.92,70.0,54.0,59.0,51.0,21.0,34.0,53.0
2024-02-10,56.88,52.15,50.52,50.89,50.11,51.54,51.21,54.0,59.0,51.0,21.0,34.0,53.0,18.0
2024-02-11,49.27,48.17,47.95,48.38,48.86,49.53,49.73,59.0,51.0,21.0,34.0,53.0,18.0,5.0
2024-02-12,49.3,47.36,47.17,47.93,48.44,49.24,49.87,51.0,21.0,34.0,53.0,18.0,5.0,24.0
2024-02-13,40.65,40.5,42.18,43.32,43.87,44.66,45.99,21.0,34.0,53.0,18.0,5.0,24.0,22.0
2024-02-14,30.21,35.35,38.1,39.01,40.23,40.77,40.05,34.0,53.0,18.0,5.0,24.0,22.0,29.0
2024-02-15,33.89,36.24,38.32,39.0,39.88,40.22,40.65,53.0,18.0,5.0,24.0,22.0,29.0,51.0
2024-02-16,39.03,38.78,40.81,41.07,42.02,41.98,42.8,18.0,5.0,24.0,22.0,29.0,51.0,53.0
2024-02-17,27.68,35.01,38.59,39.05,41.0,40.85,38.71,5.0,24.0,22.0,29.0,51.0,53.0,56.0
2024-02-18,23.4,32.49,37.12,38.36,39.88,40.04,37.92,24.0,22.0,29.0,51.0,53.0,56.0,34.0
2024-02-19,24.45,31.71,35.83,37.51,38.55,39.19,38.41,22.0,29.0,51.0,53.0,56.0,34.0,22.0
2024-02-20,24.69,31.34,35.4,37.35,38.46,38.94,38.57,29.0,51.0,53.0,56.0,34.0,22.0,21.0
2024-02-21,33.74,35.85,37.51,38.44,38.77,39.34,40.39,51.0,53.0,56.0,34.0,22.0,21.0,32.0
2024-02-22,41.13,40.27,41.05,41.89,42.24,43.32,44.88,53.0,56.0,34.0,22.0,21.0,32.0,21.0
2024-02-23,43.73,42.37,42.99,44.18,44.69,45.89,47.13,56.0,34.0,22.0,21.0,32.0,21.0,11.0
2024-02-24,47.34,45.59,46.1,47.13,47.87,49.18,50.16,34.0,22.0,21.0,32.0,21.0,11.0,15.0
2024-02-25,38.24,41.01,42.21,42.83,43.97,44.48,45.45,22.0,21.0,32.0,21.0,11.0,15.0,14.0
2024-02-26,29.91,34.59,36.8,38.68,39.37,39.75,40.27,21.0,32.0,21.0,11.0,15.0,14.0,26.0
2024-02-27,27.39,32.67,35.67,38.32,39.3,39.35,39.99,32.0,21.0,11.0,15.0,14.0,26.0,13.0
2024-02-28,33.79,36.67,37.83,38.64,39.24,39.5,40.14,21.0,11.0,15.0,14.0,26.0,13.0,21.0
2024-02-29,25.08,30.98,34.55,37.88,38.96,39.38,39.73,11.0,15.0,14.0,26.0,13.0,21.0,29.0
2024-03-01,21.11,29.1,33.99,38.29,40.03,40.04,40.02,15.0,14.0,26.0,13.0,21.0,29.0,35.0
2024-03-02,20.75,29.37,34.7,38.19,39.79,39.88,39.22,14.0,26.0,13.0,21.0,29.0,35.0,23.0
2024-03-03,23.69,30.78,35.28,37.97,39.33,39.49,39.13,26.0,13.0,21.0,29.0,35.0,23.0,11.0
2024-03-04,28.75,33.14,36.26,37.88,38.82,39.0,39.15,13.0,21.0,29.0,35.0,23.0,11.0,20.0
2024-03-05,23.1,30.77,35.35,38.14,39.64,39.62,38.98,21.0,29.0,35.0,23.0,11.0,20.0,23.0
2024-03-06,26.48,33.09,37.37,38.94,40.46,40.26,39.34,29.0,35.0,23.0,11.0,20.0,23.0,25.0
2024-03-07,32.37,35.83,38.98,39.78,41.04,41.22,41.01,35.0,23.0,11.0,20.0,23.0,25.0,25.0
2024-03-08,38.07,40.21,41.11,41.48,42.38,42.46,43.41,23.0,11.0,20.0,23.0,25.0,25.0,25.0
2024-03-09,28.4,32.93,35.62,38.11,38.76,39.42,39.92,11.0,20.0,23.0,25.0,25.0,25.0,25.0
2024-03-10,21.91,29.62,34.38,38.75,40.68,40.25,40.31,20.0,23.0,25.0,25.0,25.0,25.0,25.0
2024-03-11,25.06,32.58,37.29,39.21,41.22,40.48,39.32,23.0,25.0,25.0,25.0,25.0,25.0,25.0
2024-03-12,25.79,32.87,37.12,38.42,40.07,39.58,38.41,25.0,25.0,25.0,25.0,25.0,25.0,25.0
2024-03-13,28.78,33.78,36.91,37.77,38.81,38.99,38.47,25.0,25.0,25.0,25.0,25.0,25.0,43.0
2024-03-14,28.64,33.36,36.37,37.5,38.33,38.73,38.63,25.0,25.0,25.0,25.0,25.0,43.0,36.0
2024-03-15,28.35,33.01,35.97,37.58,38.44,38.77,38.96,25.0,25.0,25.0,25.0,43.0,36.0,29.0
2024-03-16,28.35,33.01,35.97,37.58,38.44,38.77,38.96,25.0,25.0,25.0,43.0,36.0,29.0,56.0
2024-03-17,28.35,33.01,35.97,37.58,38.44,38.77,38.96,25.0,25.0,43.0,36.0,29.0,56.0,27.0
2024-03-18,28.35,33.01,35.97,37.58,38.44,38.77,38.96,25.0,43.0,36.0,29.0,56.0,27.0,32.0
2024-03-19,28.35,33.01,35.97,37.58,38.44,38.77,38.96,43.0,36.0,29.0,56.0,27.0,32.0,26.0
2024-03-20,39.34,39.61,40.25,40.88,41.46,42.15,43.64,36.0,29.0,56.0,27.0,32.0,26.0,41.0
2024-03-21,34.96,36.99,38.15,39.03,39.77,40.19,41.12,29.0,56.0,27.0,32.0,26.0,41.0,36.0
2024-03-22,28.99,33.39,36.22,37.8,38.74,39.19,39.44,56.0,27.0,32.0,26.0,41.0,36.0,26.0
2024-03-23,41.28,40.41,41.78,42.72,43.1,44.02,45.36,27.0,32.0,26.0,41.0,36.0,26.0,34.0
2024-03-24,31.68,35.56,37.86,39.13,39.91,40.85,40.99,32.0,26.0,41.0,36.0,26.0,34.0,39.0
2024-03-25,30.46,34.51,37.3,38.29,39.07,39.88,39.89,26.0,41.0,36.0,26.0,34.0,39.0,52.0
2024-03-26,27.84,33.07,36.37,37.71,38.85,39.32,38.94,41.0,36.0,26.0,34.0,39.0,52.0,53.0
2024-03-27,36.5,37.26,38.71,39.35,40.01,40.43,41.54,36.0,26.0,34.0,39.0,52.0,53.0,39.0
2024-03-28,33.71,35.87,37.82,38.65,39.51,39.97,40.61,26.0,34.0,39.0,52.0,53.0,39.0,26.0
2024-03-29,25.34,32.59,36.46,37.87,39.34,39.54,38.25,34.0,39.0,52.0,53.0,39.0,26.0,44.0
2024-03-30,30.69,34.52,37.7,38.89,39.77,40.69,40.65,39.0,52.0,53.0,39.0,26.0,44.0,37.0
2024-03-31,35.31,36.24,38.49,39.61,40.46,41.1,42.34,52.0,53.0,39.0,26.0,44.0,37.0,32.0
2024-04-01,43.18,42.71,44.09,44.76,45.29,46.49,47.9,53.0,39.0,26.0,44.0,37.0,32.0,47.0
2024-04-02,47.96,48.65,48.3,47.76,48.04,48.27,48.43,39.0,26.0,44.0,37.0,32.0,47.0,37.0
2024-04-03,37.87,39.0,39.98,40.58,40.94,41.5,42.99,26.0,44.0,37.0,32.0,47.0,37.0,52.0
2024-04-04,25.46,30.98,34.68,37.78,39.13,39.27,39.68,44.0,37.0,32.0,47.0,37.0,52.0,55.0
2024-04-05,33.69,35.34,37.41,38.68,39.5,40.34,40.96,37.0,32.0,47.0,37.0,52.0,55.0,50.0
2024-04-06,38.15,39.14,39.71,39.92,40.63,41.23,42.17,32.0,47.0,37.0,52.0,55.0,50.0,0.0
2024-04-07,35.52,37.35,38.07,38.42,39.14,39.53,40.27,47.0,37.0,52.0,55.0,50.0,0.0,16.0
2024-04-08,41.98,42.25,41.98,41.4,41.6,41.73,42.4,37.0,52.0,55.0,50.0,0.0,16.0,28.0
2024-04-09,39.32,40.69,40.6,40.46,40.84,40.6,41.15,52.0,55.0,50.0,0.0,16.0,28.0,41.0
2024-04-10,42.63,41.46,41.5,41.74,42.11,43.0,44.48,55.0,50.0,0.0,16.0,28.0,41.0,55.0
2024-04-11,48.66,46.52,47.06,47.56,47.92,49.43,50.58,50.0,0.0,16.0,28.0,41.0,55.0,65.0
2024-04-12,47.04,47.64,49.28,49.63,50.63,51.79,52.86,0.0,16.0,28.0,41.0,55.0,65.0,58.0
2024-04-13,23.01,31.36,35.47,37.75,38.9,39.68,38.55,16.0,28.0,41.0,55.0,65.0,58.0,67.0
2024-04-14,22.19,29.97,34.72,37.85,39.24,39.59,39.18,28.0,41.0,55.0,65.0,58.0,67.0,51.0
2024-04-15,29.6,33.42,36.37,37.66,38.51,38.8,39.22,41.0,55.0,65.0,58.0,67.0,51.0,61.0
2024-04-16,39.18,40.09,40.55,40.89,41.52,42.08,43.42,55.0,65.0,58.0,67.0,51.0,61.0,57.0
2024-04-17,41.24,39.93,41.8,42.3,42.67,43.22,44.76,65.0,58.0,67.0,51.0,61.0,57.0,47.0
2024-04-18,56.54,52.8,53.55,54.53,54.7,56.88,57.01,58.0,67.0,51.0,61.0,57.0,47.0,29.0
2024-04-19,52.92,52.24,53.85,54.85,55.81,57.08,57.12,67.0,51.0,61.0,57.0,47.0,29.0,21.0
2024-04-20,61.99,59.56,59.39,59.5,59.52,60.91,59.93,51.0,61.0,57.0,47.0,29.0,21.0,40.0
2024-04-21,49.75,50.55,51.24,51.4,52.25,52.95,53.27,61.0,57.0,47.0,29.0,21.0,40.0,27.0
2024-04-22,55.26,52.83,54.05,54.26,54.87,56.45,57.12,57.0,47.0,29.0,21.0,40.0,27.0,41.0
2024-04-23,51.79,51.38,52.22,52.71,53.59,55.01,55.21,47.0,29.0,21.0,40.0,27.0,41.0,52.0
2024-04-24,38.31,40.25,42.17,42.59,43.48,44.16,45.31,29.0,21.0,40.0,27.0,41.0,52.0,51.0
2024-04-25,30.06,34.6,36.97,37.63,38.7,39.18,38.58,21.0,40.0,27.0,41.0,52.0,51.0,41.0
2024-04-26,27.44,33.52,36.61,37.33,38.34,38.92,37.88,40.0,27.0,41.0,52.0,51.0,41.0,31.0
2024-04-27,34.77,36.09,37.79,38.37,38.79,39.45,40.32,27.0,41.0,52.0,51.0,41.0,31.0,33.0
2024-04-28,29.34,34.29,36.75,38.03,38.9,39.26,39.33,41.0,52.0,51.0,41.0,31.0,33.0,32.0
2024-04-29,39.98,41.23,40.94,40.74,41.14,41.05,41.37,52.0,51.0,41.0,31.0,33.0,32.0,28.0
2024-04-30,44.21,43.92,43.39,42.65,42.45,42.24,42.86,51.0,41.0,31.0,33.0,32.0,28.0,47.0
2024-05-01,44.73,45.31,44.56,43.85,43.45,43.04,43.6,41.0,31.0,33.0,32.0,28.0,47.0,43.0
2024-05-02,39.46,41.76,41.67,41.56,41.75,41.57,41.57,31.0,33.0,32.0,28.0,47.0,43.0,52.0
2024-05-03,31.92,36.87,38.59,39.8,40.7,40.95,41.14,33.0,32.0,28.0,47.0,43.0,52.0,52.0
2024-05-04,27.89,32.62,35.76,38.17,39.25,39.42,39.91,32.0,28.0,47.0,43.0,52.0,52.0,52.0
2024-05-05,31.86,35.51,37.46,38.61,39.18,39.73,40.12,28.0,47.0,43.0,52.0,52.0,52.0,50.0
2024-05-06,31.87,35.8,37.52,38.38,39.14,39.53,39.64,47.0,43.0,52.0,52.0,52.0,50.0,52.0
2024-05-07,40.17,39.59,40.12,40.22,40.92,41.6,42.98,43.0,52.0,52.0,52.0,50.0,52.0,42.0
2024-05-08,41.15,42.89,42.58,42.26,42.64,42.52,42.77,52.0,52.0,52.0,50.0,52.0,42.0,48.0
2024-05-09,44.01,44.11,43.5,43.03,42.83,42.59,43.33,52.0,52.0,50.0,52.0,42.0,48.0,27.0
2024-05-10,43.92,43.94,43.26,42.91,42.55,42.36,43.09,52.0,50.0,52.0,42.0,48.0,27.0,20.0
2024-05-11,43.81,43.74,43.13,42.73,42.52,42.32,43.02,50.0,52.0,42.0,48.0,27.0,20.0,36.0
2024-05-12,44.55,44.28,43.75,43.33,43.33,43.34,44.31,52.0,42.0,48.0,27.0,20.0,36.0,52.0
2024-05-13,46.27,46.04,45.7,45.29,45.18,45.37,46.32,42.0,48.0,27.0,20.0,36.0,52.0,58.0
2024-05-14,39.95,41.98,42.49,42.89,43.65,44.25,45.38,48.0,27.0,20.0,36.0,52.0,58.0,59.0
2024-05-15,42.73,42.48,43.6,44.24,44.77,45.96,47.8,27.0,20.0,36.0,52.0,58.0,59.0,58.0
2024-05-16,34.03,39.35,40.5,41.41,42.6,42.81,43.03,20.0,36.0,52.0,58.0,59.0,58.0,58.0
2024-05-17,25.2,32.23,35.63,38.65,39.56,40.14,39.91,36.0,52.0,58.0,59.0,58.0,58.0,53.0
2024-05-18,33.96,37.92,39.19,40.15,40.93,41.47,41.87,52.0,58.0,59.0,58.0,58.0,53.0,34.0
2024-05-19,43.71,43.35,43.23,42.89,43.12,43.42,44.71,58.0,59.0,58.0,58.0,53.0,34.0,43.0
2024-05-20,46.96,45.8,45.39,45.03,44.86,45.42,46.6,59.0,58.0,58.0,53.0,34.0,43.0,50.0
2024-05-21,49.92,49.54,49.01,48.28,47.8,48.11,48.8,58.0,58.0,53.0,34.0,43.0,50.0,44.0
2024-05-22,50.39,49.64,48.97,48.27,47.52,47.56,48.32,58.0,53.0,34.0,43.0,50.0,44.0,54.0
2024-05-23,48.54,47.75,46.9,46.33,45.68,45.47,46.37,53.0,34.0,43.0,50.0,44.0,54.0,60.0
2024-05-24,38.62,38.58,39.18,39.61,40.27,40.9,42.25,34.0,43.0,50.0,44.0,54.0,60.0,65.0
2024-05-25,31.61,34.98,36.93,37.61,38.51,39.02,38.99,43.0,50.0,44.0,54.0,60.0,65.0,55.0
2024-05-26,41.59,42.58,42.42,42.16,42.64,42.81,43.39,50.0,44.0,54.0,60.0,65.0,55.0,23.0
2024-05-27,43.46,43.85,43.35,42.62,42.58,42.21,42.76,44.0,54.0,60.0,65.0,55.0,23.0,34.0
2024-05-28,41.02,42.36,42.11,41.89,42.11,41.99,42.49,54.0,60.0,65.0,55.0,23.0,34.0,53.0
2024-05-29,44.82,44.94,44.05,43.37,43.11,42.85,43.49,60.0,65.0,55.0,23.0,34.0,53.0,57.0
2024-05-30,46.69,45.19,44.23,43.68,43.14,43.15,43.86,65.0,55.0,23.0,34.0,53.0,57.0,70.0
2024-05-31,55.27,52.73,51.54,51.13,49.97,50.17,50.21,55.0,23.0,34.0,53.0,57.0,70.0,63.0
2024-06-01,47.97,48.13,47.52,47.0,46.39,45.97,46.53,23.0,34.0,53.0,57.0,70.0,63.0,56.0
2024-06-02,26.76,33.24,36.31,38.07,38.97,39.56,39.03,34.0,53.0,57.0,70.0,63.0,56.0,53.0
2024-06-03,31.01,34.47,37.09,38.03,38.75,39.07,39.21,53.0,57.0,70.0,63.0,56.0,53.0,55.0
2024-06-04,43.79,43.52,43.99,44.09,44.49,45.67,46.59,57.0,70.0,63.0,56.0,53.0,55.0,61.0
2024-06-05,48.37,47.74,47.62,47.07,46.83,47.25,47.88,70.0,63.0,56.0,53.0,55.0,61.0,57.0
2024-06-06,59.19,56.31,55.5,54.99,53.7,53.88,53.3,63.0,56.0,53.0,55.0,61.0,57.0,53.0
2024-06-07,57.71,56.62,55.91,55.72,54.67,54.67,53.84,56.0,53.0,55.0,61.0,57.0,53.0,56.0
2024-06-08,44.56,44.43,45.69,45.99,46.76,47.81,48.77,53.0,55.0,61.0,57.0,53.0,56.0,52.0
2024-06-09,46.66,46.42,46.51,46.77,47.4,48.53,49.26,55.0,61.0,57.0,53.0,56.0,52.0,53.0
2024-06-10,48.19,47.4,47.3,47.06,47.38,48.03,49.02,61.0,57.0,53.0,56.0,52.0,53.0,37.0
2024-06-11,51.58,50.28,49.77,49.37,49.1,49.71,50.22,57.0,53.0,56.0,52.0,53.0,37.0,55.0
2024-06-12,48.72,48.84,48.58,48.05,47.48,47.57,48.12,53.0,56.0,52.0,53.0,37.0,55.0,49.0
2024-06-13,45.77,46.09,45.66,45.31,44.87,44.89,45.83,56.0,52.0,53.0,37.0,55.0,49.0,44.0
2024-06-14,47.2,47.23,46.57,45.97,45.32,45.32,46.21,52.0,53.0,37.0,55.0,49.0,44.0,54.0
2024-06-15,43.19,43.73,42.96,42.46,42.23,41.82,42.3,53.0,37.0,55.0,49.0,44.0,54.0,61.0
2024-06-16,44.35,44.53,43.77,43.22,42.8,42.52,43.11,37.0,55.0,49.0,44.0,54.0,61.0,61.0
2024-06-17,35.14,39.52,40.52,40.91,41.02,41.12,40.19,55.0,49.0,44.0,54.0,61.0,61.0,55.0
2024-06-18,42.37,41.59,41.1,40.84,40.24,40.61,40.94,49.0,44.0,54.0,61.0,61.0,55.0,55.0
2024-06-19,42.02,42.02,41.96,41.59,41.32,41.35,42.02,44.0,54.0,61.0,61.0,55.0,55.0,40.0
2024-06-20,38.76,39.27,40.29,40.87,41.54,42.35,43.78,54.0,61.0,61.0,55.0,55.0,40.0,49.0
2024-06-21,48.37,47.46,47.54,47.68,47.8,49.15,50.23,61.0,61.0,55.0,55.0,40.0,49.0,54.0
2024-06-22,52.9,51.97,51.72,51.46,51.2,52.1,52.39,61.0,55.0,55.0,40.0,49.0,54.0,45.0
2024-06-23,52.83,52.88,52.6,52.05,51.26,51.53,51.5,55.0,55.0,40.0,49.0,54.0,45.0,44.0
2024-06-24,45.53,46.2,45.5,45.11,44.44,44.19,44.79,55.0,40.0,49.0,54.0,45.0,44.0,52.0
2024-06-25,44.34,44.13,43.56,43.27,42.73,42.79,43.51,40.0,49.0,54.0,45.0,44.0,52.0,57.0
2024-06-26,38.3,41.37,41.6,41.67,41.63,41.54,41.12,49.0,54.0,45.0,44.0,52.0,57.0,61.0
2024-06-27,43.14,43.75,43.19,42.63,42.23,41.75,42.07,54.0,45.0,44.0,52.0,57.0,61.0,56.0
2024-06-28,45.82,45.4,44.71,44.23,43.69,43.39,44.11,45.0,44.0,52.0,57.0,61.0,56.0,68.0
2024-06-29,41.3,43.38,42.94,42.9,42.94,42.66,42.69,44.0,52.0,57.0,61.0,56.0,68.0,59.0
2024-06-30,42.89,44.32,43.6,43.37,42.91,42.38,42.43,52.0,57.0,61.0,56.0,68.0,59.0,56.0
2024-07-01,44.94,44.85,44.06,43.5,42.85,42.41,42.84,57.0,61.0,56.0,68.0,59.0,56.0,55.0
2024-07-02,49.02,48.34,47.5,47.02,45.99,45.58,45.84,61.0,56.0,68.0,59.0,56.0,55.0,52.0
2024-07-03,56.12,54.53,53.32,52.83,50.55,49.9,49.5,56.0,68.0,59.0,56.0,55.0,52.0,59.0
2024-07-04,49.51,49.91,48.88,48.35,46.29,45.35,45.35,68.0,59.0,56.0,55.0,52.0,59.0,62.0
2024-07-05,54.76,52.19,50.81,50.29,48.09,47.82,48.06,59.0,56.0,55.0,52.0,59.0,62.0,70.0
2024-07-06,51.95,50.76,50.0,49.77,48.6,48.42,48.65,56.0,55.0,52.0,59.0,62.0,70.0,56.0
2024-07-07,50.04,49.87,49.49,49.15,48.47,48.63,49.23,55.0,52.0,59.0,62.0,70.0,56.0,43.0
2024-07-08,47.48,47.96,47.49,47.16,46.48,46.49,47.15,52.0,59.0,62.0,70.0,56.0,43.0,41.0
2024-07-09,47.26,47.68,47.29,46.98,46.34,46.52,47.4,59.0,62.0,70.0,56.0,43.0,41.0,32.0
2024-07-10,52.42,50.1,51.1,51.46,51.34,53.29,54.52,62.0,70.0,56.0,43.0,41.0,32.0,30.0
2024-07-11,57.38,56.41,56.35,56.45,56.13,57.3,56.92,70.0,56.0,43.0,41.0,32.0,30.0,33.0
2024-07-12,61.03,59.46,58.88,58.55,57.84,58.24,57.08,56.0,43.0,41.0,32.0,30.0,33.0,46.0
2024-07-13,53.16,52.88,52.99,53.08,52.88,53.61,53.34,43.0,41.0,32.0,30.0,33.0,46.0,55.0
2024-07-14,41.31,43.68,45.02,45.45,46.34,47.57,48.69,41.0,32.0,30.0,33.0,46.0,55.0,41.0
2024-07-15,39.39,41.33,42.47,42.98,43.78,44.74,46.03,32.0,30.0,33.0,46.0,55.0,41.0,53.0
2024-07-16,32.99,37.81,39.42,40.39,41.44,41.87,42.15,30.0,33.0,46.0,55.0,41.0,53.0,54.0
2024-07-17,31.22,36.52,38.44,39.51,40.47,40.94,40.84,33.0,46.0,55.0,41.0,53.0,54.0,61.0
2024-07-18,33.61,37.84,39.26,40.05,41.03,41.32,41.62,46.0,55.0,41.0,53.0,54.0,61.0,65.0
2024-07-19,43.42,43.85,43.19,42.82,42.65,42.05,42.54,55.0,41.0,53.0,54.0,61.0,65.0,54.0
2024-07-20,46.36,46.11,45.15,44.56,43.72,43.26,43.54,41.0,53.0,54.0,61.0,65.0,54.0,31.0
2024-07-21,39.18,41.07,41.21,41.41,41.84,41.85,42.49,53.0,54.0,61.0,65.0,54.0,31.0,33.0
2024-07-22,46.48,46.01,45.49,45.27,44.9,45.1,46.07,54.0,61.0,65.0,54.0,31.0,33.0,34.0
2024-07-23,46.52,46.14,45.8,45.84,45.51,46.03,46.8,61.0,65.0,54.0,31.0,33.0,34.0,21.0
2024-07-24,51.61,51.41,50.74,50.01,48.46,48.42,48.72,65.0,54.0,31.0,33.0,34.0,21.0,31.0
2024-07-25,51.66,50.44,49.42,48.45,46.57,46.02,46.44,54.0,31.0,33.0,34.0,21.0,31.0,29.0
2024-07-26,46.6,46.56,45.66,44.99,43.95,43.16,43.56,31.0,33.0,34.0,21.0,31.0,29.0,31.0
2024-07-27,32.46,37.97,39.52,40.35,41.3,41.58,41.25,33.0,34.0,21.0,31.0,29.0,31.0,34.0
2024-07-28,30.62,35.5,37.95,39.53,40.26,40.75,41.02,34.0,21.0,31.0,29.0,31.0,34.0,48.0
2024-07-29,35.25,39.11,40.08,40.66,41.73,42.02,42.4,21.0,31.0,29.0,31.0,34.0,48.0,55.0
2024-07-30,27.09,33.97,37.02,39.08,40.0,40.3,40.02,31.0,29.0,31.0,34.0,48.0,55.0,62.0
2024-07-31,31.87,36.51,38.81,40.25,40.75,41.33,41.65,29.0,31.0,34.0,48.0,55.0,62.0,65.0
2024-08-01,30.44,34.97,37.64,38.97,39.6,40.17,40.15,31.0,34.0,48.0,55.0,62.0,65.0,54.0
2024-08-02,32.14,36.02,38.58,39.37,40.32,40.47,40.33,34.0,48.0,55.0,62.0,65.0,54.0,53.0
2024-08-03,34.15,38.56,40.43,41.04,41.92,42.48,42.57,48.0,55.0,62.0,65.0,54.0,53.0,58.0
2024-08-04,43.18,43.53,43.86,43.61,43.9,44.41,45.63,55.0,62.0,65.0,54.0,53.0,58.0,45.0
2024-08-05,48.45,46.56,47.46,47.75,47.98,49.7,51.26,62.0,65.0,54.0,53.0,58.0,45.0,43.0
2024-08-06,57.25,54.27,54.46,54.93,54.96,57.02,57.17,65.0,54.0,53.0,58.0,45.0,43.0,52.0
2024-08-07,54.82,54.41,53.91,53.75,53.76,54.38,53.91,54.0,53.0,58.0,45.0,43.0,52.0,28.0
2024-08-08,47.94,49.12,48.84,48.02,47.87,47.58,47.96,53.0,58.0,45.0,43.0,52.0,28.0,34.0
2024-08-09,47.64,46.58,47.3,47.37,47.33,48.56,50.06,58.0,45.0,43.0,52.0,28.0,34.0,42.0
2024-08-10,53.59,52.21,52.19,52.39,52.19,53.62,54.15,45.0,43.0,52.0,28.0,34.0,42.0,25.0
2024-08-11,43.56,45.48,46.32,46.3,47.02,47.85,48.71,43.0,52.0,28.0,34.0,42.0,25.0,18.0
2024-08-12,40.45,42.41,43.03,43.31,44.04,44.81,46.05,52.0,28.0,34.0,42.0,25.0,18.0,26.0
2024-08-13,44.24,44.53,44.08,43.76,43.82,43.86,44.86,28.0,34.0,42.0,25.0,18.0,26.0,29.0
2024-08-14,33.55,38.63,39.72,40.6,41.33,41.44,41.06,34.0,42.0,25.0,18.0,26.0,29.0,35.0
2024-08-15,35.72,39.3,40.1,41.41,41.75,41.29,41.3,42.0,25.0,18.0,26.0,29.0,35.0,34.0
2024-08-16,40.16,42.02,42.01,42.23,42.32,41.68,41.88,25.0,18.0,26.0,29.0,35.0,34.0,38.0
2024-08-17,27.26,34.01,37.05,39.85,41.11,40.94,41.25,18.0,26.0,29.0,35.0,34.0,38.0,49.0
2024-08-18,26.05,33.31,36.51,39.35,40.38,40.5,40.32,26.0,29.0,35.0,34.0,38.0,49.0,48.0
2024-08-19,31.89,37.02,38.7,39.88,40.59,40.71,40.42,29.0,35.0,34.0,38.0,49.0,48.0,42.0
2024-08-20,36.71,40.48,41.12,41.99,41.79,41.37,40.81,35.0,34.0,38.0,49.0,48.0,42.0,52.0
2024-08-21,35.31,38.72,39.8,42.13,42.11,41.22,41.27,34.0,38.0,49.0,48.0,42.0,52.0,54.0
2024-08-22,30.02,34.3,37.06,39.76,40.91,40.81,41.72,38.0,49.0,48.0,42.0,52.0,54.0,57.0
2024-08-23,32.97,36.21,37.99,39.19,39.91,40.62,41.12,49.0,48.0,42.0,52.0,54.0,57.0,63.0
2024-08-24,41.29,40.71,41.14,41.82,42.26,43.45,44.78,48.0,42.0,52.0,54.0,57.0,63.0,53.0
2024-08-25,43.66,43.92,43.57,43.03,42.98,42.78,43.77,42.0,52.0,54.0,57.0,63.0,53.0,44.0
2024-08-26,41.62,43.16,42.69,42.4,42.19,41.49,41.38,52.0,54.0,57.0,63.0,53.0,44.0,30.0
2024-08-27,44.12,44.25,43.41,42.81,42.11,41.64,41.77,54.0,57.0,63.0,53.0,44.0,30.0,51.0
2024-08-28,46.11,46.01,45.2,44.64,43.79,43.21,43.49,57.0,63.0,53.0,44.0,30.0,51.0,46.0
2024-08-29,49.68,47.95,47.37,47.23,46.44,46.98,47.99,63.0,53.0,44.0,30.0,51.0,46.0,51.0
2024-08-30,58.12,55.31,55.32,55.57,55.03,56.78,56.8,53.0,44.0,30.0,51.0,46.0,51.0,36.0
2024-08-31,50.89,51.06,52.35,52.63,53.49,55.12,55.79,44.0,30.0,51.0,46.0,51.0,36.0,38.0
2024-09-01,43.41,45.44,47.3,47.66,48.77,50.07,51.19,30.0,51.0,46.0,51.0,36.0,38.0,47.0
2024-09-02,33.37,38.65,40.65,41.86,42.74,43.49,43.94,51.0,46.0,51.0,36.0,38.0,47.0,41.0
2024-09-03,45.9,45.97,46.21,45.97,46.08,46.88,48.29,46.0,51.0,36.0,38.0,47.0,41.0,41.0
2024-09-04,43.16,44.5,44.02,43.81,43.94,43.52,44.02,51.0,36.0,38.0,47.0,41.0,41.0,41.0
2024-09-05,44.61,44.1,44.11,44.28,44.43,45.07,46.56,36.0,38.0,47.0,41.0,41.0,41.0,39.0
2024-09-06,37.56,40.86,41.02,41.57,42.44,42.48,42.92,38.0,47.0,41.0,41.0,41.0,39.0,53.0
2024-09-07,36.51,40.05,40.71,41.24,42.17,42.36,42.79,47.0,41.0,41.0,41.0,39.0,53.0,48.0
2024-09-08,42.87,43.09,43.34,43.75,44.19,45.01,46.52,41.0,41.0,41.0,39.0,53.0,48.0,33.0
2024-09-09,40.03,42.39,43.43,44.32,45.13,46.16,47.28,41.0,41.0,39.0,53.0,48.0,33.0,42.0
2024-09-10,40.31,42.8,44.11,44.87,45.59,46.81,47.98,41.0,39.0,53.0,48.0,33.0,42.0,45.0
2024-09-11,40.26,42.64,43.93,44.71,45.43,46.62,47.83,39.0,53.0,48.0,33.0,42.0,45.0,27.0
2024-09-12,36.87,39.78,41.75,42.85,43.54,44.56,45.58,53.0,48.0,33.0,42.0,45.0,27.0,27.0
2024-09-13,47.69,47.92,48.19,48.05,47.77,48.62,49.63,48.0,33.0,42.0,45.0,27.0,27.0,50.0
2024-09-14,44.68,45.65,45.59,45.16,44.97,44.98,45.82,33.0,42.0,45.0,27.0,27.0,50.0,47.0
2024-09-15,32.56,38.08,39.7,40.78,41.84,42.2,42.2,42.0,45.0,27.0,27.0,50.0,47.0,56.0
2024-09-16,34.98,36.65,38.55,39.49,39.88,40.45,41.51,45.0,27.0,27.0,50.0,47.0,56.0,55.0
2024-09-17,42.03,42.75,43.86,44.51,45.1,46.29,47.77,27.0,27.0,50.0,47.0,56.0,55.0,59.0
2024-09-18,31.55,35.9,38.9,39.72,40.63,40.73,40.37,27.0,50.0,47.0,56.0,55.0,59.0,44.0
2024-09-19,31.62,36.47,39.66,40.72,41.79,42.24,42.04,50.0,47.0,56.0,55.0,59.0,44.0,51.0
2024-09-20,46.14,46.38,48.7,49.11,49.68,51.05,52.04,47.0,56.0,55.0,59.0,44.0,51.0,57.0
2024-09-21,46.34,47.76,49.25,49.43,50.18,51.47,52.65,56.0,55.0,59.0,44.0,51.0,57.0,56.0
2024-09-22,49.55,48.55,50.61,51.13,51.63,53.2,54.49,55.0,59.0,44.0,51.0,57.0,56.0,52.0
2024-09-23,53.25,53.27,53.9,54.04,54.46,55.79,56.17,59.0,44.0,51.0,57.0,56.0,52.0,61.0
2024-09-24,53.8,52.77,52.74,52.83,52.69,53.51,53.36,44.0,51.0,57.0,56.0,52.0,61.0,63.0
2024-09-25,43.87,45.96,46.7,46.8,47.01,47.71,48.63,51.0,57.0,56.0,52.0,61.0,63.0,63.0
2024-09-26,43.93,43.68,45.87,46.42,46.74,47.89,49.71,57.0,56.0,52.0,61.0,63.0,63.0,63.0
2024-09-27,54.15,52.92,53.49,53.91,54.08,55.78,56.3,56.0,52.0,61.0,63.0,63.0,63.0,71.0
2024-09-28,53.82,53.91,54.08,53.85,54.02,54.71,54.75,52.0,61.0,63.0,63.0,63.0,71.0,65.0
2024-09-29,46.14,46.16,48.38,48.88,49.43,50.65,52.19,61.0,63.0,63.0,63.0,71.0,65.0,57.0
2024-09-30,55.97,55.07,54.8,54.85,54.76,55.68,55.56,63.0,63.0,63.0,71.0,65.0,57.0,58.0
2024-10-01,61.36,59.57,60.4,60.31,59.81,60.02,58.5,63.0,63.0,71.0,65.0,57.0,58.0,59.0
2024-10-02,61.21,59.86,60.76,61.31,60.24,59.75,57.74,63.0,71.0,65.0,57.0,58.0,59.0,52.0
2024-10-03,61.38,59.92,60.78,61.23,59.61,58.81,56.67,71.0,65.0,57.0,58.0,59.0,52.0,56.0
2024-10-04,65.47,63.76,63.54,63.83,61.98,60.96,58.37,65.0,57.0,58.0,59.0,52.0,56.0,59.0
2024-10-05,62.92,61.9,61.95,61.7,60.02,59.11,56.74,57.0,58.0,59.0,52.0,56.0,59.0,46.0
2024-10-06,52.64,51.98,50.73,49.8,47.55,46.3,45.58,58.0,59.0,52.0,56.0,59.0,46.0,37.0
2024-10-07,56.78,55.48,54.16,54.61,52.3,51.84,49.09,59.0,52.0,56.0,59.0,46.0,37.0,28.0
2024-10-08,56.74,55.77,55.05,54.51,52.24,51.35,50.25,52.0,56.0,59.0,46.0,37.0,28.0,43.0
2024-10-09,49.75,49.39,50.47,50.2,50.2,50.51,51.33,56.0,59.0,46.0,37.0,28.0,43.0,29.0
2024-10-10,43.16,42.79,44.12,44.67,45.27,46.06,46.71,59.0,46.0,37.0,28.0,43.0,29.0,42.0
2024-10-11,54.09,53.17,52.64,52.64,52.56,53.21,52.92,46.0,37.0,28.0,43.0,29.0,42.0,26.0
2024-10-12,44.65,45.3,45.55,45.08,45.89,45.8,46.63,37.0,28.0,43.0,29.0,42.0,26.0,57.0
2024-10-13,36.77,38.71,40.26,41.15,41.68,42.21,43.26,28.0,43.0,29.0,42.0,26.0,57.0,41.0
2024-10-14,32.98,37.13,39.22,40.73,41.51,41.91,42.51,43.0,29.0,42.0,26.0,57.0,41.0,46.0
2024-10-15,41.74,43.25,44.29,44.76,45.29,46.21,47.64,29.0,42.0,26.0,57.0,41.0,46.0,50.0
2024-10-16,32.39,37.22,39.26,40.63,41.31,41.6,42.18,42.0,26.0,57.0,41.0,46.0,50.0,56.0
2024-10-17,41.14,43.02,42.92,43.14,43.7,43.94,45.08,26.0,57.0,41.0,46.0,50.0,56.0,53.0
2024-10-18,41.5,44.58,44.38,44.01,43.58,43.39,43.25,57.0,41.0,46.0,50.0,56.0,53.0,58.0
2024-10-19,45.2,44.34,43.51,42.67,41.6,41.58,41.96,41.0,46.0,50.0,56.0,53.0,58.0,54.0
2024-10-20,43.83,43.75,43.25,42.38,41.66,41.02,41.53,46.0,50.0,56.0,53.0,58.0,54.0,24.0
2024-10-21,39.52,39.04,39.32,38.95,39.38,39.79,40.62,50.0,56.0,53.0,58.0,54.0,24.0,24.0
2024-10-22,42.26,40.67,41.63,42.21,42.6,43.67,45.38,56.0,53.0,58.0,54.0,24.0,24.0,32.0
2024-10-23,48.99,48.28,47.68,47.49,47.78,48.16,48.48,53.0,58.0,54.0,24.0,24.0,32.0,33.0
2024-10-24,45.86,45.27,44.9,44.27,44.59,44.55,45.46,58.0,54.0,24.0,24.0,32.0,33.0,32.0
2024-10-25,46.16,43.59,42.5,42.6,42.65,43.43,44.37,54.0,24.0,24.0,32.0,33.0,32.0,54.0
2024-10-26,46.3,43.81,42.8,43.11,43.35,44.16,45.29,24.0,24.0,32.0,33.0,32.0,54.0,32.0
2024-10-27,30.93,34.98,37.32,38.17,39.06,39.29,39.01,24.0,32.0,33.0,32.0,54.0,32.0,33.0
2024-10-28,31.32,36.28,38.3,39.34,40.11,40.4,40.49,32.0,33.0,32.0,54.0,32.0,33.0,44.0
2024-10-29,35.71,38.66,39.62,40.1,40.91,41.04,41.76,33.0,32.0,54.0,32.0,33.0,44.0,54.0
2024-10-30,31.24,35.04,37.0,38.24,38.93,39.29,39.75,32.0,54.0,32.0,33.0,44.0,54.0,28.0
2024-10-31,29.13,33.16,35.91,37.61,38.53,38.83,39.34,54.0,32.0,33.0,44.0,54.0,28.0,55.0
2024-11-01,41.98,40.33,41.19,42.17,42.44,43.61,45.01,32.0,33.0,44.0,54.0,28.0,55.0,57.0
2024-11-02,32.96,36.49,38.4,39.71,40.63,41.38,41.78,33.0,44.0,54.0,28.0,55.0,57.0,70.0
2024-11-03,37.75,40.7,41.37,41.61,42.42,42.75,43.37,44.0,54.0,28.0,55.0,57.0,70.0,64.0
2024-11-04,41.89,42.84,42.28,41.81,41.69,41.29,41.61,54.0,28.0,55.0,57.0,70.0,64.0,41.0
2024-11-05,43.49,41.72,41.56,41.67,41.79,42.61,43.96,28.0,55.0,57.0,70.0,64.0,41.0,53.0
2024-11-06,33.2,37.0,38.06,38.47,39.41,40.29,39.89,55.0,57.0,70.0,64.0,41.0,53.0,51.0
2024-11-07,48.71,47.44,46.77,45.46,45.02,44.88,45.85,57.0,70.0,64.0,41.0,53.0,51.0,37.0
2024-11-08,54.49,52.87,52.16,50.95,50.23,50.07,50.34,70.0,64.0,41.0,53.0,51.0,37.0,48.0
2024-11-09,55.94,52.04,50.52,50.38,49.9,50.22,49.74,64.0,41.0,53.0,51.0,37.0,48.0,59.0
2024-11-10,50.16,47.01,46.71,47.55,48.0,49.11,49.66,41.0,53.0,51.0,37.0,48.0,59.0,50.0
2024-11-11,40.31,42.14,43.2,43.92,45.22,45.68,46.16,53.0,51.0,37.0,48.0,59.0,50.0,29.0
2024-11-12,44.79,44.4,44.78,45.19,46.2,47.09,48.38,51.0,37.0,48.0,59.0,50.0,29.0,43.0
2024-11-13,38.3,37.99,39.65,40.18,40.89,41.15,42.51,37.0,48.0,59.0,50.0,29.0,43.0,28.0
2024-11-14,38.05,39.52,41.59,42.6,43.5,43.57,44.4,48.0,59.0,50.0,29.0,43.0,28.0,26.0
2024-11-15,41.63,42.85,44.56,45.34,46.12,46.81,47.56,59.0,50.0,29.0,43.0,28.0,26.0,20.0
2024-11-16,49.92,48.67,48.63,49.04,49.58,50.6,50.96,50.0,29.0,43.0,28.0,26.0,20.0,40.0
2024-11-17,44.26,44.01,44.6,45.34,46.18,46.8,47.93,29.0,43.0,28.0,26.0,20.0,40.0,34.0
2024-11-18,33.3,36.67,37.97,38.88,39.69,40.28,40.81,43.0,28.0,26.0,20.0,40.0,34.0,32.0
2024-11-19,36.78,36.96,38.15,38.89,39.48,39.67,40.83,28.0,26.0,20.0,40.0,34.0,32.0,39.0
2024-11-20,31.38,34.92,36.88,37.25,38.33,38.44,38.08,26.0,20.0,40.0,34.0,32.0,39.0,52.0
2024-11-21,28.35,34.06,37.0,37.47,38.66,38.77,37.54,20.0,40.0,34.0,32.0,39.0,52.0,64.0
2024-11-22,25.14,32.8,36.77,37.76,39.15,39.32,37.68,40.0,34.0,32.0,39.0,52.0,64.0,78.0
2024-11-23,35.17,36.17,37.64,37.97,38.65,38.59,39.41,34.0,32.0,39.0,52.0,64.0,78.0,67.0
2024-11-24,35.99,37.21,38.63,39.33,39.82,40.24,41.45,32.0,39.0,52.0,64.0,78.0,67.0,71.0
2024-11-25,32.16,35.29,37.6,38.37,39.24,39.47,39.7,39.0,52.0,64.0,78.0,67.0,71.0,70.0
2024-11-26,37.53,37.84,39.76,39.86,40.89,40.55,41.25,52.0,64.0,78.0,67.0,71.0,70.0,70.0
2024-11-27,40.7,40.77,42.93,43.47,44.18,44.29,45.15,64.0,78.0,67.0,71.0,70.0,70.0,85.0
2024-11-28,55.26,53.0,51.91,52.3,52.37,53.09,51.83,78.0,67.0,71.0,70.0,70.0,85.0,88.0
2024-11-29,56.59,52.28,51.13,50.86,50.09,49.71,50.2,67.0,71.0,70.0,70.0,85.0,88.0,78.0
2024-11-30,49.08,46.84,47.83,48.85,48.96,49.17,49.41,71.0,70.0,70.0,85.0,88.0,78.0,90.0
2024-12-01,51.43,47.21,46.92,48.11,48.59,49.9,49.95,70.0,70.0,85.0,88.0,78.0,90.0,100.0
2024-12-02,60.99,55.09,52.27,52.7,53.22,55.2,54.27,70.0,85.0,88.0,78.0,90.0,100.0,58.0
2024-12-03,63.2,60.37,57.39,56.87,56.62,56.02,53.95,85.0,88.0,78.0,90.0,100.0,58.0,65.0
2024-12-04,73.11,68.36,64.02,61.96,59.62,57.46,54.83,88.0,78.0,90.0,100.0,58.0,65.0,96.0
2024-12-05,78.77,72.08,68.17,65.98,63.48,61.85,58.98,78.0,90.0,100.0,58.0,65.0,96.0,57.0
2024-12-06,71.26,68.38,64.4,62.48,60.95,58.85,56.03,90.0,100.0,58.0,65.0,96.0,57.0,34.0
